序号;1;2;3;4;5;6;7;8;9;10;11;12;13;14;15;16;17;18;19;20;21;22
1;20-40岁;学生;本科;否;了解一些;社交平台,课程培训,身边的朋友或亲人;教育,娱乐;AI写作,图片视频生成;准确性不足,"幻觉"问题;教育行业开始应用，主要用于作业批改和学习辅导，效果一般;比较乐观;失业,隐私泄露;否;是;开发者,企业;是;教育;是;利大于弊;技术创新,安全性;提高学习效率和质量;优势：应用场景丰富，政策支持；挑战：核心技术依赖，伦理规范待完善
2;20-40岁;学生;本科;否;仅听说过;社交平台,身边的朋友或亲人;娱乐,教育;智能语音助手,图片视频生成;准确性不足,"幻觉"问题;我们学校开始尝试AI教学助手，但学生使用AI写作业问题突出;比较乐观;失业,隐私泄露;否;是;开发者,使用者;是;教育;是;利大于弊;安全性,公平性;个性化学习体验;优势：市场规模大；挑战：教育公平性问题
3;20-40岁;学生;硕士及以上;是;了解一些;学术论文,课程培训,新闻媒体;教育,医疗;AI写作,AI程序算法生成;准确性不足,数据隐私风险;研究生阶段AI工具辅助研究，效果显著;比较乐观;隐私泄露,算法偏见;是;是;开发者,企业;是;教育;是;利大于弊;技术创新,安全性;科研效率提升;优势：人才储备；挑战：原创性不足
4;20-40岁;学生;本科;否;了解一些;社交平台,课程培训;教育,娱乐;AI写作,图片视频生成;准确性不足,"幻觉"问题;课程中开始使用AI辅助，但需要规范使用;比较乐观;失业,隐私泄露;否;是;开发者,企业;是;教育;是;利大于弊;技术创新,安全性;作业效率提升;优势：应用推广快；挑战：学术诚信问题
5;20-40岁;学生;本科;否;仅听说过;社交平台,身边的朋友或亲人;娱乐;智能语音助手;准确性不足,"幻觉"问题;学校刚引入AI教学平台，还在适应中;中立;失业,隐私泄露;否;是;使用者,企业;是;娱乐;否;利大于弊;安全性;娱乐体验提升;优势：用户基数大；挑战：内容质量参差不齐
6;20-40岁;学生;本科;是;了解一些;课程培训,学术论文;教育,金融;AI写作,AI程序算法生成;数据隐私风险,偏见与歧视;计算机专业，AI工具是必备技能;比较乐观;算法偏见,隐私泄露;是;是;开发者,企业;是;教育;是;利大于弊;技术创新,安全性;职业竞争力提升;优势：教育投入大；挑战：理论基础薄弱
7;20-40岁;学生;本科;否;仅听说过;社交平台;娱乐;图片视频生成;准确性不足,"幻觉"问题;艺术类专业，AI辅助创作，效果不错;比较乐观;失业;否;是;开发者;是;娱乐;是;利大于弊;技术创新;创意灵感来源;优势：文化内容丰富；挑战：原创性保护
8;20-40岁;学生;本科;否;了解一些;课程培训,社交平台;教育,娱乐;AI写作,智能语音助手;准确性不足,"幻觉"问题;文科专业，AI帮助写作和资料整理;比较乐观;失业,隐私泄露;否;是;开发者,企业;是;教育;是;利大于弊;安全性,公平性;学习效率提高;优势：应用场景多；挑战：教育质量保障
9;13-19岁;学生;高中及以下;否;仅听说过;社交平台,身边的朋友或亲人;娱乐;智能语音助手,图片视频生成;准确性不足,"幻觉"问题;中学开始接触AI教育产品，效果有待观察;比较乐观;失业;否;是;使用者;是;娱乐;否;利大于弊;安全性;新奇体验;优势：年轻一代接受度高；挑战：引导不当
10;20-40岁;学生;本科;否;了解一些;课程培训,社交平台;教育,娱乐;AI写作,图片视频生成;准确性不足,数据隐私风险;高校普遍使用AI教学工具，但学生用AI写作业成问题;比较乐观;失业,隐私泄露;否;是;开发者,企业;是;教育;是;利大于弊;就业保障,安全性;作业效率提升;优势：教育改革推动；挑战：学术规范建立
11;20-40岁;学生;本科;否;了解一些;社交平台,课程培训;教育,娱乐;AI写作,AI程序算法生成;准确性不足,"幻觉"问题;计算机相关专业，AI工具是核心技能;非常乐观;算法偏见;是;是;开发者,企业;是;教育;是;利大于弊;技术创新,安全性;技术能力提升;优势：人才储备充足；挑战：国际竞争激烈
12;20-40岁;学生;本科;否;仅听说过;社交平台;娱乐;图片视频生成;准确性不足,"幻觉"问题;艺术设计专业，AI辅助创意，效果显著;比较乐观;失业;是;是;开发者;是;娱乐;是;利大于弊;技术创新;创意效率提升;优势：创意产业发展快；挑战：知识产权保护
13;20-40岁;学生;硕士及以上;是;非常了解;学术论文,课程培训,工作实践;教育,医疗,金融;AI写作,AI程序算法生成,图像识别;数据隐私风险,责任与问责;研究生科研中深度使用AI，效果很好;比较乐观;隐私泄露,算法偏见,社会不平等加剧;是;是;开发者,企业,政府;是;教育;是;利大于弊;安全性,公平性;科研突破加速;优势：科研投入大；挑战：原创性不足
14;20-40岁;学生;本科;否;了解一些;课程培训,社交平台;教育,娱乐;AI写作,智能语音助手;准确性不足,"幻觉"问题;文科专业，AI辅助写作，但需要人工修改;比较乐观;失业,隐私泄露;否;是;开发者,企业;是;教育;是;利大于弊;安全性,公平性;学习效率提升;优势：教育普及快；挑战：质量参差不齐
15;20-40岁;学生;本科;否;仅听说过;社交平台,身边的朋友或亲人;娱乐;智能语音助手;准确性不足;高中刚毕业，大学将接触AI教育;比较乐观;失业;否;是;使用者;是;娱乐;否;利大于弊;安全性;新科技体验;优势：年轻群体接受快；挑战：教育引导不足
16;20-40岁;学生;本科;是;了解一些;课程培训,学术论文;教育,金融;AI写作,AI程序算法生成;数据隐私风险,偏见与歧视;经管专业，AI辅助数据分析，效果良好;比较乐观;隐私泄露,算法偏见;是;是;开发者,企业;是;金融;是;利大于弊;技术创新,安全性;决策效率提升;优势：数据资源丰富；挑战：风险控制能力
17;20-40岁;学生;专科;否;仅听说过;社交平台;娱乐;图片视频生成;准确性不足,"幻觉"问题;职业教育中开始引入AI工具，效果一般;中立;失业;否;是;使用者,企业;是;娱乐;否;利大于弊;就业保障;技能学习辅助;优势：职业教育改革；挑战：师资培训不足
18;20-40岁;学生;本科;否;了解一些;课程培训,社交平台;教育,娱乐;AI写作,图片视频生成;准确性不足,"幻觉"问题;师范专业，关注AI教学应用，效果显著;比较乐观;失业,隐私泄露;否;是;开发者,企业;是;教育;是;利大于弊;就业保障,安全性;教学能力提升;优势：教师培养重视；挑战：实践应用不足
19;20-40岁;学生;本科;否;仅听说过;社交平台,身边的朋友或亲人;娱乐;智能语音助手;准确性不足;理工科专业，开始接触AI编程工具;比较乐观;失业;否;是;开发者;是;教育;是;利大于弊;技术创新;编程学习辅助;优势：技术基础好；挑战：应用深度不够
20;20-40岁;学生;硕士及以上;是;非常了解;学术论文,课程培训,工作实践;教育,医疗,金融;AI写作,AI程序算法生成,图像识别;数据隐私风险,责任与问责,高成本（能源消耗）;科研项目深度使用AI，效果卓越;非常乐观;隐私泄露,算法偏见,社会不平等加剧;是;是;开发者,企业,政府;是;教育;是;利大于弊;安全性,公平性,国际合作;科研效率革命性提升;优势：政策支持力度大；挑战：核心技术突破
21;20-40岁;学生;本科;否;了解一些;社交平台,课程培训;教育,娱乐;AI写作,图片视频生成;准确性不足,"幻觉"问题;近三成大学生使用AI写作业，需要规范管理;比较担忧;失业,隐私泄露;否;是;开发者,企业;是;教育;是;利大于弊;就业保障,安全性;学习负担减轻;优势：应用推广迅速；挑战：学术诚信危机
22;20-40岁;学生;本科;否;仅听说过;社交平台;娱乐;图片视频生成;准确性不足,"幻觉"问题;设计专业，AI辅助创作，效果不错但版权问题多;比较乐观;失业,隐私泄露;否;是;开发者,使用者;是;娱乐;是;利大于弊;安全性,公平性;创意效率提升;优势：创意产业发达；挑战：知识产权保护体系不完善
23;20-40岁;学生;本科;是;了解一些;课程培训,学术论文;教育,金融;AI写作,AI程序算法生成;数据隐私风险,偏见与歧视;计算机专业，AI是核心课程，应用广泛;非常乐观;算法偏见,隐私泄露;是;是;开发者,企业;是;教育;是;利大于弊;技术创新,安全性;技术竞争力提升;优势：人才培养体系完善；挑战：国际技术封锁
24;13-19岁;学生;高中及以下;否;仅听说过;社交平台,身边的朋友或亲人;娱乐;智能语音助手;准确性不足,"幻觉"问题;高中开设AI选修课，刚接触，效果未知;比较乐观;失业;否;是;使用者;是;娱乐;否;利大于弊;安全性;科技兴趣培养;优势：青少年接受度高；挑战：教育引导不足
25;20-40岁;学生;本科;否;了解一些;课程培训,社交平台;教育,娱乐;AI写作,智能语音助手;准确性不足,"幻觉"问题;文科专业，AI辅助资料整理，效果良好;比较乐观;失业,隐私泄露;否;是;开发者,企业;是;教育;是;利大于弊;安全性,就业保障;学习效率倍增;优势：教育数字化转型快；挑战：师生适应问题
26;20-40岁;学生;本科;否;仅听说过;社交平台;娱乐;图片视频生成;准确性不足,"幻觉"问题;艺术类专业，AI创作工具普及，效果参差不齐;中立;失业,隐私泄露;否;是;开发者,使用者;是;娱乐;是;利大于弊;公平性,安全性;创作门槛降低;优势：文化产业蓬勃发展；挑战：创作价值认定
27;20-40岁;学生;硕士及以上;是;非常了解;学术论文,工作实践;教育,医疗,金融;AI写作,AI程序算法生成,图像识别;责任与问责,数据隐私风险,高成本（能源消耗）;博士研究深度依赖AI，效果极佳但能耗问题突出;比较乐观;隐私泄露,算法偏见,失控风险;是;是;开发者,企业,政府;是;教育;是;利大于弊;安全性,国际合作;科研范式革命;优势：科研投入持续增长；挑战：可持续发展问题
28;20-40岁;学生;本科;否;了解一些;课程培训,社交平台;教育,娱乐;AI写作,图片视频生成;准确性不足,"幻觉"问题;教育技术专业，关注AI教学应用，效果显著;比较乐观;失业,社会不平等加剧;否;是;开发者,企业;是;教育;是;利大于弊;就业保障,公平性;教育公平推进;优势：教育资源均衡；挑战：数字鸿沟问题
29;20-40岁;学生;专科;否;仅听说过;社交平台,身边的朋友或亲人;娱乐;智能语音助手;准确性不足;技术类专科，开始接触AI工具，效果一般;中立;失业;否;是;使用者,企业;是;制造;否;利大于弊;就业保障;技能提升辅助;优势：职业教育转型；挑战：师资设备不足
30;20-40岁;学生;本科;是;了解一些;课程培训,学术论文;教育,金融;AI写作,AI程序算法生成;数据隐私风险,偏见与歧视;数据科学专业，AI核心技能，从业优势明显;非常乐观;隐私泄露,算法偏见;是;是;开发者,企业;是;金融;是;利大于弊;技术创新,安全性;职业发展加速;优势：数据资源优势；挑战：算法透明度
31;20-40岁;学生;本科;否;了解一些;社交平台,课程培训;教育,娱乐;AI写作,图片视频生成;准确性不足,"幻觉"问题;师范生，关注AI教学工具，效果良好但需规范;比较乐观;失业,隐私泄露;否;是;开发者,企业;是;教育;是;利大于弊;就业保障,安全性;教学技能提升;优势：教师教育重视AI；挑战：传统教学方式适应
32;20-40岁;学生;本科;否;仅听说过;社交平台;娱乐;智能语音助手;准确性不足,"幻觉"问题;体育专业，AI应用较少，主要在体能分析;比较乐观;失业;否;是;使用者;是;体育;否;利大于弊;安全性;运动表现分析;优势：体育科技发展；挑战：应用场景有限
33;20-40岁;学生;硕士及以上;是;非常了解;学术论文,课程培训,工作实践;教育,医疗;AI写作,AI程序算法生成,图像识别;数据隐私风险,责任与问责;医学专业，AI辅助诊断研究，效果显著;非常乐观;隐私泄露,算法偏见,失控风险;是;是;开发者,企业,政府;是;医疗;是;利大于弊;安全性,公平性;医疗诊断突破;优势：医疗数据丰富；挑战：伦理审查严格
34;20-40岁;学生;本科;否;了解一些;课程培训,社交平台;教育,娱乐;AI写作,图片视频生成;准确性不足,"幻觉"问题;外语专业，AI翻译和写作辅助，效果不错;比较乐观;失业,隐私泄露;否;是;开发者,企业;是;教育;是;利大于弊;技术创新,安全性;语言学习效率提升;优势：语言数据丰富；挑战：文化理解深度
35;20-40岁;学生;本科;否;仅听说过;社交平台,身边的朋友或亲人;娱乐;图片视频生成;准确性不足,"幻觉"问题;新闻传播专业，AI内容生成应用广泛，真假难辨;比较担忧;隐私泄露,信息生态与滥用;否;是;开发者,企业;是;媒体;是;弊大于利;安全性,公平性;内容生产效率提升;优势：媒体数字化转型；挑战：信息真实性危机
36;20-40岁;学生;本科;是;了解一些;课程培训,学术论文;教育,金融;AI写作,AI程序算法生成;数据隐私风险,偏见与歧视;人工智能专业，深度使用各类AI工具;非常乐观;算法偏见,隐私泄露,失控风险;是;是;开发者,企业;是;教育;是;利大于弊;技术创新,安全性,国际合作;技术前沿突破;优势：专业人才集中；挑战：国际竞争激烈
37;20-40岁;学生;本科;否;了解一些;社交平台,课程培训;教育,娱乐;AI写作,智能语音助手;准确性不足,"幻觉"问题;心理学专业，关注AI心理健康应用，效果初显;比较乐观;隐私泄露,社会不平等加剧;否;是;开发者,企业,政府;是;医疗;是;利大于弊;安全性,公平性;心理健康服务普及;优势：心理健康重视度提高；挑战：专业人才不足
38;20-40岁;学生;本科;否;仅听说过;社交平台;娱乐;图片视频生成;准确性不足,"幻觉"问题;建筑专业，AI辅助设计，效果良好但创意受限;比较乐观;失业,隐私泄露;否;是;开发者,使用者;是;建筑;是;利大于弊;技术创新,安全性;设计效率提升;优势：建筑信息化发展；挑战：创意价值认定
39;20-40岁;学生;硕士及以上;是;非常了解;学术论文,工作实践;教育,金融,医疗;AI写作,AI程序算法生成,图像识别;责任与问责,数据隐私风险,高成本（能源消耗）;交叉学科研究，AI是核心工具，效果卓越;非常乐观;隐私泄露,算法偏见,失控风险;是;是;开发者,企业,政府;是;教育;是;利大于弊;安全性,公平性,国际合作;跨学科研究突破;优势：学科交叉优势；挑战：复合人才缺乏
40;20-40岁;学生;本科;否;了解一些;课程培训,社交平台;教育,娱乐;AI写作,图片视频生成;准确性不足,"幻觉"问题;农学专业，AI农业应用开始普及，效果显著;比较乐观;失业,社会不平等加剧;否;是;开发者,企业;是;农业;是;利大于弊;就业保障,安全性;农业现代化推进;优势：农业大国基础；挑战：农村数字化程度低
41;40-65岁;教育从业者;硕士及以上;是;非常了解;学术论文,课程培训,新闻媒体;教育,医疗,金融;智能语音助手,AI写作,图像识别;数据隐私风险,责任与问责,信息生态与滥用;高校深度应用AI教学，AI技术可以帮助教师精准备课和进行教学管理，效果显著;非常乐观;隐私泄露,算法偏见,社会不平等加剧;否;是;开发者,企业,政府;是;教育;是;利大于弊;就业保障,公平性,安全性;个性化教育实现;优势：政策支持强；挑战：教师数字素养差异
42;20-40岁;教育从业者;硕士及以上;是;非常了解;学术论文,课程培训,工作实践;教育,金融;智能语音助手,AI写作;数据隐私风险,责任与问责;中小学AI教育试点，通过智能排课系统，AI可以实现课程的自动安排和调整，效果良好;非常乐观;隐私泄露,社会不平等加剧;否;是;开发者,企业,政府;是;教育;是;利大于弊;就业保障,公平性,安全性;教育质量全面提升;优势：教育改革深入；挑战：城乡差距扩大
43;40-65岁;教育从业者;本科;否;了解一些;新闻媒体,课程培训;教育;智能语音助手;准确性不足,数据隐私风险;职业院校AI应用起步，主要用于教学管理，效果一般;比较乐观;失业,隐私泄露;否;是;企业,政府;是;教育;否;利大于弊;就业保障,安全性;教学管理效率提升;优势：职业教育转型；挑战：师资培训不足
44;20-40岁;教育从业者;硕士及以上;是;非常了解;学术论文,工作实践;教育,医疗;AI写作,图像识别;数据隐私风险,责任与问责,偏见与歧视;高校科研AI深度应用，AI工具可以自动评估学生的作业和考试，提供详细的反馈，效果卓越;非常乐观;隐私泄露,算法偏见,社会不平等加剧;是;是;开发者,企业,政府;是;教育;是;利大于弊;安全性,公平性,国际合作;科研教育融合;优势：科研实力强；挑战：国际学术竞争
45;40-65岁;教育从业者;硕士及以上;是;非常了解;学术论文,课程培训,新闻媒体;教育,金融;智能语音助手,AI写作;数据隐私风险,责任与问责;高校管理AI应用，近六成高校师生每天或者每周多次使用生成式AI，效果显著;比较乐观;隐私泄露,社会不平等加剧;否;是;开发者,企业,政府;是;教育;是;利大于弊;就业保障,公平性,安全性;教育治理现代化;优势：治理能力提升；挑战：数字鸿沟问题
46;20-40岁;教育从业者;硕士及以上;是;非常了解;工作实践,学术论文;教育,医疗;AI写作,AI程序算法生成;数据隐私风险,责任与问责,高成本（能源消耗）;重点中学AI教学试点，AI 工具可以帮助教师更快地评分作业、制定引人入胜的课程计划，效果极佳;非常乐观;隐私泄露,算法偏见,失控风险;是;是;开发者,企业,政府;是;教育;是;利大于弊;安全性,公平性,国际合作;教育公平推进;优势：优质教育资源共享；挑战：技术依赖风险
47;40-65岁;教育从业者;本科;否;了解一些;课程培训,新闻媒体;教育;智能语音助手;准确性不足,数据隐私风险;普通中学AI应用探索，生成式AI正以多种方式融入教育的各环节和场景中，效果初步显现;比较乐观;失业,隐私泄露;否;是;企业,使用者;是;教育;是;利大于弊;就业保障,安全性;教学质量提升;优势：教育普及度高；挑战：地区发展不平衡
48;20-40岁;教育从业者;硕士及以上;是;非常了解;学术论文,工作实践;教育,金融,医疗;AI写作,图像识别;数据隐私风险,责任与问责,偏见与歧视;职业培训AI应用，中国AI+教育市场规模已突破七百亿元，预计到2030年将接近3000亿元，效果显著;非常乐观;隐私泄露,算法偏见,社会不平等加剧;是;是;开发者,企业,政府;是;教育;是;利大于弊;安全性,公平性,国际合作;终身学习体系构建;优势：市场规模巨大；挑战：商业模式可持续性
49;40-65岁;教育从业者;硕士及以上;是;非常了解;学术论文,课程培训;教育,医疗;智能语音助手,AI写作;数据隐私风险,责任与问责;高校AI教育研究中心，不同类型厂商践行"AI+教育"发展战略，效果卓越;非常乐观;隐私泄露,算法偏见,失控风险;是;是;开发者,企业,政府;是;教育;是;利大于弊;安全性,公平性,国际合作;教育理论创新;优势：产学研结合紧密；挑战：理论实践脱节
50;20-40岁;教育从业者;本科;否;了解一些;课程培训,社交平台;教育,娱乐;智能语音助手,AI写作;准确性不足,数据隐私风险;培训机构AI应用，AI教育提供高效个性化的解决方案，效果良好;比较乐观;失业,隐私泄露;否;是;开发者,企业;是;教育;是;利大于弊;就业保障,安全性;个性化培训实现;优势：市场需求旺盛；挑战：质量监管不足
51;40-65岁;教育从业者;硕士及以上;是;非常了解;学术论文,新闻媒体;教育,金融;智能语音助手;数据隐私风险,责任与问责;教育管理部门AI应用，从校内到校外，从教学到学习，AI渗透教育各环节，效果显著;非常乐观;隐私泄露,社会不平等加剧;否;是;政府,企业;是;教育;是;利大于弊;公平性,安全性,国际合作;教育政策精准化;优势：政策执行力强；挑战：地方执行差异
52;20-40岁;教育从业者;硕士及以上;是;非常了解;工作实践,学术论文;教育,医疗;AI写作,图像识别;数据隐私风险,责任与问责,偏见与歧视;国际学校AI教学，教育部公布了首批18个"人工智能+高等教育"项目，效果卓越;非常乐观;隐私泄露,算法偏见,社会不平等加剧;是;是;开发者,企业,政府,国际组织;是;教育;是;利大于弊;安全性,公平性,国际合作;国际化教育提升;优势：开放程度高；挑战：文化适应问题
53;40-65岁;教育从业者;本科;否;了解一些;新闻媒体,课程培训;教育;智能语音助手;准确性不足,数据隐私风险;社区教育AI应用，校内场景中生成式AI正融入教育各环节，效果初显;比较乐观;失业,隐私泄露;否;是;企业,政府;是;教育;是;利大于弊;就业保障,安全性;社区教育普及;优势：基层教育覆盖；挑战：资源投入不足
54;20-40岁;教育从业者;硕士及以上;是;非常了解;学术论文,工作实践;教育,金融;AI写作,AI程序算法生成;数据隐私风险,责任与问责,高成本（能源消耗）;在线教育AI深度应用，AI技术由弱转强，在教育中的应用前景更加广阔，效果极佳;非常乐观;隐私泄露,算法偏见,失控风险;是;是;开发者,企业,政府;是;教育;是;利大于弊;技术创新,安全性,国际合作;教育模式变革;优势：在线教育发达；挑战：线下体验缺失
55;40-65岁;教育从业者;硕士及以上;是;非常了解;学术论文,课程培训;教育,医疗;智能语音助手,AI写作;数据隐私风险,责任与问责;老年大学AI教育，随着AI技术在教育领域的不断渗透，应用场景日益丰富，效果良好;比较乐观;隐私泄露,社会不平等加剧;否;是;政府,企业;是;教育;是;利大于弊;公平性,安全性;终身学习促进;优势：人口基数大；挑战：数字鸿沟明显
56;20-40岁;教育从业者;本科;否;了解一些;课程培训,社交平台;教育,娱乐;智能语音助手,AI写作;准确性不足,数据隐私风险;特殊教育AI应用，智能学习软件已在基础教育阶段得到广泛运用，效果显著;比较乐观;社会不平等加剧,隐私泄露;否;是;企业,政府;是;教育;是;利大于弊;公平性,安全性;教育包容性提升;优势：特殊教育重视；挑战：个性化需求复杂
57;40-65岁;教育从业者;硕士及以上;是;非常了解;学术论文,新闻媒体;教育,金融;AI写作,图像识别;数据隐私风险,责任与问责,偏见与歧视;教育评估AI应用，IDC发布报告显示AI赋能教育契机与未来，效果卓越;非常乐观;隐私泄露,算法偏见,社会不平等加剧;是;是;开发者,企业,政府;是;教育;是;利大于弊;安全性,公平性,国际合作;教育评价改革;优势：评价体系完善；挑战：标准化与个性化平衡
58;20-40岁;教育从业者;硕士及以上;是;非常了解;工作实践,学术论文;教育,医疗;AI写作,AI程序算法生成;数据隐私风险,责任与问责,高成本（能源消耗）;STEM教育AI应用，根据多鲸教育研究院报告，2025年教育领域AI落地有新方向，效果极佳;非常乐观;隐私泄露,算法偏见,失控风险;是;是;开发者,企业,政府;是;教育;是;利大于弊;技术创新,安全性,国际合作;创新人才培养;优势：创新教育重视；挑战：评价体系滞后
59;40-65岁;教育从业者;本科;否;了解一些;课程培训,新闻媒体;教育;智能语音助手;准确性不足,数据隐私风险;农村教育AI试点，中国AI+教育市场规模巨大，但城乡差异明显，效果一般;中立;失业,社会不平等加剧;否;是;政府,企业;是;教育;是;弊大于利;公平性,就业保障;教育资源均衡;优势：政策倾斜明显；挑战：基础设施不足
60;20-40岁;教育从业者;硕士及以上;是;非常了解;学术论文,工作实践;教育,金融,医疗;AI写作,图像识别;数据隐私风险,责任与问责,偏见与歧视;高等教育AI研究，2024年人工智能+教育行业发展研究报告显示前景广阔，效果显著;非常乐观;隐私泄露,算法偏见,社会不平等加剧;是;是;开发者,企业,政府;是;教育;是;利大于弊;安全性,公平性,国际合作;学科交叉融合;优势：科研实力强；挑战：成果转化难
61;40-65岁;教育从业者;硕士及以上;是;非常了解;学术论文,课程培训;教育,医疗;智能语音助手,AI写作;数据隐私风险,责任与问责;基础教育AI课程，首批"人工智能+高等教育"项目带动基础教育改革，效果良好;非常乐观;隐私泄露,社会不平等加剧;否;是;开发者,企业,政府;是;教育;是;利大于弊;公平性,安全性;核心素养培养;优势：课程体系完善；挑战：师资培训不足
62;20-40岁;教育从业者;本科;否;了解一些;课程培训,社交平台;教育,娱乐;智能语音助手,AI写作;准确性不足,数据隐私风险;民办教育AI应用，AI+教育市场年复合增速高达47%，效果显著但监管不足;比较乐观;失业,隐私泄露;否;是;企业,使用者;是;教育;是;利大于弊;安全性,就业保障;教育质量提升;优势：市场活力强；挑战：规范标准缺失
63;40-65岁;教育从业者;硕士及以上;是;非常了解;学术论文,新闻媒体;教育,金融;AI写作;数据隐私风险,责任与问责,偏见与歧视;教育政策研究，AI在教育中的应用前景更加广阔，预示着未来AI技术能够在教育场景中发挥更大作用，效果卓越;非常乐观;隐私泄露,算法偏见,社会不平等加剧;是;是;政府,企业,开发者;是;教育;是;利大于弊;公平性,安全性,国际合作;教育治理现代化;优势：顶层设计完善；挑战：基层执行难度
64;20-40岁;教育从业者;硕士及以上;是;非常了解;工作实践,学术论文;教育,医疗;AI写作,图像识别;数据隐私风险,责任与问责,高成本（能源消耗）;教师培训AI应用，学校要鼓励教师多使用AI工具用于教学，效果极佳但需要培训;非常乐观;隐私泄露,算法偏见,失控风险;是;是;开发者,企业,政府;是;教育;是;利大于弊;就业保障,安全性,国际合作;教师专业发展;优势：师资培训体系；挑战：教师接受度差异
65;40-40岁;企业员工;本科;否;了解一些;新闻媒体,工作实践;金融,制造;智能语音助手,AI程序算法生成;准确性不足,数据隐私风险;金融行业AI风控应用，效果显著;比较乐观;失业,隐私泄露;否;是;企业,开发者;是;金融;是;利大于弊;技术创新,安全性;业务效率提升;优势：应用场景丰富；挑战：监管合规压力
66;40-65岁;自由职业者;本科;否;了解一些;社交平台,身边的朋友或亲人;娱乐,教育;图片视频生成,智能语音助手;准确性不足,"幻觉"问题;自媒体行业AI内容生成，效果好但版权问题多;中立;失业,隐私泄露;否;是;使用者,企业;是;媒体;是;利大于弊;公平性,安全性;创作效率提升;优势：创意产业发达；挑战：原创性保护不足
67;20-40岁;其他（请填写）;专科;否;仅听说过;社交平台;娱乐;智能语音助手;准确性不足,"幻觉"问题;零售行业开始尝试AI客服，效果一般;比较担忧;失业;否;是;企业;是;零售;否;弊大于利;就业保障;服务体验提升;优势：市场应用场景多；挑战：技术成熟度不足
68;40-65岁;企业员工;硕士及以上;是;非常了解;学术论文,工作实践;金融,医疗;AI程序算法生成,图像识别;数据隐私风险,责任与问责;医疗AI诊断辅助，效果显著但责任认定复杂;比较担忧;隐私泄露,失控风险;是;是;开发者,企业,政府;是;医疗;是;利大于弊;安全性,公平性;诊断准确率提升;优势：医疗数据丰富；挑战：伦理审查严格
69;20-40岁;自由职业者;本科;否;了解一些;社交平台,课程培训;娱乐,教育;图片视频生成,AI写作;准确性不足,"幻觉"问题;设计行业AI辅助创作，效果良好但创意价值受质疑;比较乐观;失业,隐私泄露;否;是;使用者,开发者;是;设计;是;利大于弊;技术创新,安全性;设计效率倍增;优势：设计人才储备；挑战：创意价值认定
70;40-65岁;其他（请填写）;高中及以下;否;仅听说过;身边的朋友或亲人;娱乐;智能语音助手;准确性不足,"幻觉"问题;退休人员使用AI娱乐，效果不错但操作复杂;中立;隐私泄露;否;是;使用者;是;养老;否;利大于弊;安全性;生活便利性提升;优势：老年群体关注；挑战：适老化设计不足
71;20-40岁;企业员工;硕士及以上;是;非常了解;学术论文,工作实践;制造,交通;AI程序算法生成,图像识别;数据隐私风险,高成本（能源消耗）;制造业AI质检应用，效果显著但能耗高;比较乐观;失业,高成本（能源消耗）;是;是;企业,开发者;是;制造;是;利大于弊;技术创新,安全性;生产质量提升;优势：制造基础雄厚；挑战：转型升级成本
72;40-65岁;教育从业者;本科;否;了解一些;课程培训,新闻媒体;教育;智能语音助手;准确性不足,数据隐私风险;成人教育AI应用，AI教育提供高效个性化解决方案，效果良好;比较乐观;失业,隐私泄露;否;是;企业,政府;是;教育;是;利大于弊;就业保障,安全性;继续教育普及;优势：终身学习体系；挑战：学习动机不足
73;20-40岁;学生;本科;否;了解一些;社交平台,课程培训;教育,娱乐;AI写作,图片视频生成;准确性不足,"幻觉"问题;大学生使用AI写作业现象普遍，需要建立规范，效果参差不齐;比较担忧;失业,隐私泄露;否;是;使用者,企业;是;教育;是;利大于弊;安全性,就业保障;学习负担减轻;优势：应用普及率高；挑战：学术诚信体系建设